,movie_code,duration,facenumber_in_poster,country,budget,gross,num_voted_users,num_user_for_reviews,num_critic_for_reviews,movie_facebook_likes,director_facebook_likes,actor_1_facebook_likes,actor_2_facebook_likes,actor_3_facebook_likes,cast_total_facebook_likes,imdb_score,imdb_score_class
2727,2728,111.0,0.0,Spain,15000000.0,2203641.0,42792,162.0,150.0,0,122.0,918.0,278.0,25.0,1252,6.7,Good
1982,1983,100.0,0.0,USA,25000000.0,10114315.0,18693,187.0,70.0,0,57.0,181.0,151.0,92.0,582,6.4,Good
3985,3986,88.0,3.0,USA,5000000.0,,801,14.0,11.0,358,2.0,2000.0,872.0,6.0,2886,3.5,Bad
4688,4689,86.0,0.0,USA,,3278611.0,2877,46.0,49.0,903,30.0,262.0,23.0,14.0,321,7.1,Good
4169,4170,82.0,1.0,Poland,,3826455.0,34643,123.0,269.0,17000,84.0,88.0,64.0,46.0,205,7.4,Good
4119,4120,98.0,0.0,Germany,2700000.0,95016.0,11074,56.0,40.0,442,7.0,289.0,38.0,17.0,362,7.4,Good
4395,4396,113.0,2.0,USA,1600000.0,,74651,313.0,149.0,6000,0.0,11000.0,481.0,324.0,12157,7.9,Good
160,161,121.0,0.0,USA,139000000.0,403706375.0,544665,2012.0,291.0,5000,0.0,24000.0,11000.0,4000.0,40484,7.3,Good
2277,2278,102.0,1.0,USA,22000000.0,12469811.0,69172,316.0,156.0,0,563.0,12000.0,442.0,385.0,13156,6.6,Good
417,418,104.0,5.0,USA,85000000.0,62494975.0,179500,378.0,158.0,0,681.0,584.0,227.0,159.0,1235,6.0,Fair
2268,2269,88.0,6.0,USA,27000000.0,15988876.0,26236,110.0,107.0,0,190.0,137000.0,459.0,163.0,137712,5.7,Fair
1396,1397,108.0,3.0,USA,35000000.0,277313371.0,583341,626.0,334.0,24000,480.0,14000.0,839.0,706.0,17623,7.8,Good
4052,4053,91.0,0.0,UK,3000000.0,24788807.0,21245,213.0,94.0,0,52.0,773.0,588.0,482.0,1965,7.4,Good
422,423,106.0,1.0,USA,85000000.0,64933670.0,70838,208.0,382.0,18000,763.0,8000.0,886.0,809.0,11454,5.6,Fair
2604,2605,120.0,3.0,Taiwan,15000000.0,128067808.0,217740,1641.0,287.0,0,0.0,103.0,21.0,5.0,129,7.9,Good
1,2,169.0,0.0,USA,300000000.0,309404152.0,471220,1238.0,302.0,0,563.0,40000.0,5000.0,1000.0,48350,7.1,Good
2428,2429,94.0,0.0,USA,18000000.0,18329466.0,279179,440.0,450.0,63000,0.0,11000.0,642.0,223.0,11984,7.6,Good
2816,2817,90.0,7.0,Canada,,,9928,66.0,45.0,934,10.0,826.0,521.0,378.0,2207,3.6,Bad
3482,3483,125.0,3.0,UK,13000000.0,21000000.0,73950,258.0,118.0,2000,82.0,16000.0,387.0,244.0,17611,6.8,Good
981,982,106.0,0.0,USA,50000000.0,41482207.0,68428,148.0,105.0,0,287.0,16000.0,823.0,767.0,19610,6.3,Good
1574,1575,161.0,0.0,USA,31000000.0,87100000.0,52339,200.0,66.0,0,521.0,11000.0,920.0,184.0,12518,7.2,Good
24,25,201.0,0.0,New Zealand,207000000.0,218051260.0,316018,2618.0,446.0,0,0.0,6000.0,919.0,84.0,7123,7.2,Good
419,420,178.0,0.0,USA,90000000.0,44606335.0,169023,703.0,98.0,10000,102.0,12000.0,11000.0,551.0,23950,7.1,Good
2146,2147,127.0,1.0,France,20000000.0,24104113.0,149066,517.0,466.0,24000,140.0,19000.0,14000.0,10000.0,46241,7.1,Good
763,764,124.0,0.0,USA,61000000.0,46975183.0,256213,338.0,198.0,0,845.0,650.0,467.0,295.0,1640,7.2,Good
4785,4786,89.0,2.0,USA,439000.0,2300000.0,7921,97.0,65.0,439,24.0,610.0,105.0,45.0,995,7.7,Good
4578,4579,100.0,0.0,USA,,750100.0,19752,61.0,117.0,0,71.0,11000.0,733.0,145.0,12234,6.3,Good
1137,1138,130.0,1.0,USA,44000000.0,183875760.0,213668,270.0,119.0,0,99.0,11000.0,1000.0,812.0,13357,7.8,Good
2118,2119,116.0,0.0,France,22000000.0,1050445.0,21394,147.0,115.0,11000,13.0,203.0,172.0,140.0,773,7.8,Good
4917,4918,105.0,0.0,USA,200000.0,,37,1.0,13.0,38,0.0,178.0,32.0,27.0,263,6.7,Good
1747,1748,167.0,0.0,USA,28000000.0,161029270.0,119928,331.0,349.0,76000,473.0,559.0,427.0,303.0,2702,7.9,Good
3694,3695,128.0,0.0,India,,563699.0,3266,27.0,24.0,421,4.0,374.0,282.0,47.0,787,6.2,Good
995,996,87.0,0.0,USA,50000000.0,33643461.0,11257,65.0,98.0,0,9.0,15000.0,2000.0,1000.0,20061,4.2,Fair
2384,2385,90.0,0.0,USA,19000000.0,64255243.0,80903,518.0,220.0,0,15.0,87000.0,17000.0,16000.0,120797,6.0,Fair
4731,4732,94.0,0.0,USA,,3117666.0,3394,43.0,88.0,694,3.0,196.0,184.0,2.0,382,7.4,Good
4404,4405,91.0,1.0,USA,1500000.0,7417210.0,59041,408.0,71.0,0,184.0,3000.0,202.0,82.0,3310,7.0,Good
4637,4638,108.0,2.0,USA,910000.0,9600000.0,100890,281.0,134.0,0,603.0,10000.0,416.0,279.0,11094,8.2,Excellent
555,556,94.0,0.0,USA,75000000.0,22751979.0,52244,377.0,131.0,0,383.0,13000.0,1000.0,886.0,15857,6.6,Good
469,470,134.0,4.0,USA,68000000.0,85707116.0,303185,701.0,406.0,82000,452.0,11000.0,8000.0,697.0,20411,7.6,Good
232,233,121.0,4.0,USA,120000000.0,30212620.0,35066,196.0,168.0,0,274.0,273.0,216.0,157.0,993,5.3,Fair
1524,1525,101.0,0.0,USA,33000000.0,51758599.0,27580,232.0,107.0,742,43.0,2000.0,1000.0,655.0,5942,5.5,Fair
3875,3876,101.0,1.0,New Zealand,6000000.0,20772796.0,34232,346.0,149.0,0,51.0,446.0,20.0,8.0,497,7.6,Good
1877,1878,107.0,1.0,Russia,26000000.0,,3170,18.0,25.0,0,0.0,1000.0,65.0,48.0,1166,5.4,Fair
1072,1073,91.0,2.0,USA,45000000.0,130512915.0,60884,85.0,35.0,0,32.0,924.0,664.0,628.0,3244,4.8,Fair
50,51,116.0,2.0,USA,200000000.0,90755643.0,222403,453.0,306.0,23000,179.0,15000.0,567.0,236.0,16149,6.6,Good
2650,2651,98.0,0.0,USA,16000000.0,30857814.0,294163,718.0,185.0,33000,0.0,18000.0,636.0,594.0,20060,8.1,Excellent
177,178,117.0,0.0,UK,140000000.0,52792307.0,12572,106.0,252.0,27000,14000.0,535.0,400.0,358.0,1950,6.8,Good
2163,2164,95.0,2.0,USA,32000000.0,82301521.0,22679,149.0,75.0,773,32.0,826.0,642.0,563.0,3558,4.6,Fair
1705,1706,86.0,0.0,USA,30000000.0,10134754.0,9682,38.0,77.0,0,6.0,1000.0,857.0,843.0,5393,4.8,Fair
824,825,125.0,0.0,USA,58000000.0,49875589.0,28807,273.0,144.0,0,143.0,1000.0,664.0,519.0,4416,5.9,Fair
4167,4168,93.0,0.0,USA,2600000.0,119500000.0,95294,363.0,121.0,12000,0.0,1000.0,1000.0,628.0,4701,7.8,Good
375,376,119.0,0.0,USA,95000000.0,73209340.0,101834,628.0,180.0,0,719.0,833.0,624.0,423.0,2356,5.7,Fair
2577,2578,95.0,0.0,USA,15000000.0,4193025.0,30682,194.0,42.0,0,89.0,1000.0,852.0,322.0,2518,6.8,Good
4826,4827,102.0,1.0,USA,312000.0,1281176.0,2932,73.0,64.0,121,149.0,409.0,277.0,276.0,1986,6.7,Good
831,832,131.0,2.0,UK,57000000.0,25528495.0,28099,220.0,96.0,0,108.0,23000.0,243.0,58.0,23325,5.9,Fair
1015,1016,158.0,0.0,France,390000000.0,14131298.0,55889,390.0,111.0,0,0.0,51.0,40.0,15.0,144,6.4,Good
3122,3123,114.0,1.0,USA,17000000.0,30050028.0,42987,201.0,83.0,0,9.0,623.0,472.0,466.0,2484,6.5,Good
3147,3148,100.0,0.0,USA,10000000.0,,7322,78.0,52.0,680,394.0,2000.0,926.0,695.0,6296,7.1,Good
2112,2113,104.0,0.0,USA,22000000.0,5974653.0,2253,111.0,18.0,158,53.0,2000.0,595.0,576.0,4221,4.1,Fair
890,891,96.0,1.0,USA,55000000.0,,19706,142.0,66.0,448,13.0,13000.0,854.0,534.0,15803,5.3,Fair
4320,4321,86.0,0.0,Ireland,,,6585,53.0,98.0,0,5.0,121.0,94.0,47.0,322,5.7,Fair
1172,1173,112.0,4.0,USA,44000000.0,6105175.0,247020,835.0,293.0,50000,133.0,11000.0,392.0,365.0,12239,6.6,Good
426,427,86.0,3.0,USA,84000000.0,153288182.0,71424,521.0,138.0,0,67.0,4000.0,2000.0,271.0,6355,4.9,Fair
4763,4764,96.0,1.0,USA,500000.0,,38,3.0,9.0,16,3.0,387.0,244.0,205.0,1235,7.2,Good
2265,2266,225.0,6.0,USA,20000000.0,8000000.0,6484,100.0,27.0,1000,126.0,940.0,208.0,202.0,1934,6.6,Good
4166,4167,122.0,0.0,USA,2627000.0,,1553,27.0,9.0,116,149.0,760.0,675.0,315.0,2555,7.0,Good
2835,2836,117.0,0.0,USA,100000000.0,58607007.0,182910,630.0,492.0,60000,294.0,10000.0,2000.0,1000.0,14160,6.2,Good
2870,2871,99.0,3.0,USA,13000000.0,5871603.0,3116,39.0,39.0,251,7.0,3000.0,1000.0,730.0,6485,6.0,Fair
318,319,94.0,0.0,USA,84000000.0,17010646.0,40751,239.0,78.0,881,6.0,490.0,294.0,227.0,1195,2.2,Bad
3292,3293,116.0,2.0,USA,,90400000.0,102895,159.0,71.0,0,644.0,392.0,249.0,199.0,845,7.5,Good
3907,3908,119.0,0.0,USA,100000000.0,180011740.0,177729,1368.0,230.0,0,13000.0,1000.0,658.0,567.0,2776,5.7,Fair
3074,3075,193.0,2.0,India,700000000.0,3275443.0,13998,264.0,20.0,659,160.0,8000.0,1000.0,860.0,10822,6.0,Fair
38,39,142.0,0.0,USA,200000000.0,202853933.0,321227,1067.0,495.0,41000,464.0,15000.0,10000.0,825.0,28631,6.7,Good
300,301,104.0,0.0,USA,100000000.0,75030163.0,108076,1690.0,170.0,0,14.0,3000.0,762.0,203.0,4487,5.1,Fair
1696,1697,114.0,0.0,USA,30000000.0,12831121.0,44979,298.0,98.0,0,118.0,489.0,93.0,40.0,679,7.0,Good
146,147,196.0,2.0,USA,175000000.0,133228348.0,381672,1694.0,220.0,0,249.0,11000.0,5000.0,844.0,17944,7.2,Good
3662,3663,141.0,6.0,USA,5600000.0,3064356.0,3433,81.0,68.0,160,407.0,688.0,659.0,501.0,2584,6.9,Good
3524,3525,95.0,1.0,USA,10000000.0,306715.0,5143,62.0,12.0,724,43.0,1000.0,788.0,611.0,5213,2.3,Bad
1866,1867,125.0,5.0,USA,25000000.0,219200000.0,181380,223.0,57.0,0,0.0,49000.0,1000.0,711.0,52201,6.9,Good
2386,2387,97.0,8.0,Canada,15000000.0,20433940.0,78883,662.0,252.0,0,0.0,654.0,529.0,233.0,1876,6.2,Good
1402,1403,129.0,0.0,USA,29000000.0,255950375.0,223127,420.0,261.0,38000,102.0,768.0,734.0,624.0,3389,7.7,Good
2026,2027,137.0,1.0,USA,24000000.0,41895491.0,63274,170.0,84.0,12000,0.0,12000.0,443.0,161.0,12947,7.6,Good
3603,3604,,1.0,UK,,,9277,44.0,10.0,11000,,1000.0,888.0,502.0,4528,8.2,Excellent
3627,3628,95.0,3.0,USA,6000000.0,2025238.0,9589,105.0,84.0,289,8.0,244.0,230.0,15.0,489,5.8,Fair
3542,3543,111.0,5.0,USA,7000000.0,,39786,162.0,44.0,586,197.0,755.0,632.0,578.0,3009,4.8,Fair
2894,2895,100.0,0.0,Canada,12500000.0,,16281,96.0,62.0,0,218.0,581.0,201.0,91.0,931,7.4,Good
678,679,111.0,4.0,USA,45000000.0,36064910.0,166610,211.0,230.0,0,545.0,26000.0,872.0,805.0,28643,6.4,Good
2633,2634,104.0,1.0,USA,15000000.0,40064955.0,92074,502.0,154.0,0,0.0,4000.0,4000.0,1000.0,12170,6.4,Good
1388,1389,105.0,1.0,USA,37000000.0,20991497.0,39778,172.0,138.0,11000,488.0,15000.0,14000.0,13000.0,44037,5.4,Fair
691,692,133.0,1.0,USA,64000000.0,31054924.0,17025,290.0,96.0,295,521.0,11000.0,1000.0,970.0,16710,5.1,Fair
2450,2451,126.0,0.0,Russia,20000000.0,5701643.0,37635,165.0,160.0,0,44.0,627.0,12.0,9.0,653,7.3,Good
3435,3436,89.0,1.0,Hong Kong,7500000.0,32333860.0,29843,81.0,62.0,0,7.0,186.0,147.0,36.0,407,6.7,Good
166,167,138.0,0.0,USA,137000000.0,132122995.0,212106,1445.0,267.0,0,0.0,820.0,300.0,258.0,1814,5.7,Fair
2966,2967,113.0,1.0,USA,,12796277.0,41226,281.0,232.0,0,438.0,11000.0,536.0,471.0,12274,6.7,Good
3219,3220,101.0,0.0,France,60000000.0,231417.0,1649,21.0,34.0,33,324.0,678.0,541.0,28.0,1256,6.6,Good
2025,2026,88.0,4.0,USA,24000000.0,74608545.0,185258,404.0,123.0,0,480.0,8000.0,909.0,497.0,10325,7.2,Good
3425,3426,96.0,6.0,USA,8000000.0,,1965,24.0,21.0,438,2.0,31000.0,920.0,600.0,33858,4.6,Fair
1944,1945,136.0,0.0,USA,25000000.0,21554585.0,36108,109.0,48.0,0,0.0,18000.0,14000.0,3000.0,37315,6.9,Good
547,548,116.0,2.0,USA,75000000.0,45434443.0,175960,360.0,362.0,43000,0.0,15000.0,509.0,104.0,15735,7.3,Good
3703,3704,108.0,1.0,USA,5000000.0,43771291.0,79916,279.0,297.0,15000,0.0,1000.0,562.0,458.0,3215,7.1,Good
4341,4342,92.0,0.0,USA,2000000.0,,838,17.0,18.0,728,3.0,11000.0,1000.0,412.0,13583,3.4,Bad
2867,2868,95.0,4.0,USA,13000000.0,7881335.0,21212,107.0,52.0,3000,0.0,899.0,849.0,650.0,3092,6.7,Good
2485,2486,154.0,1.0,USA,18500000.0,85200000.0,488537,1076.0,250.0,18000,0.0,2000.0,626.0,604.0,4228,8.4,Excellent
1057,1058,113.0,0.0,USA,48000000.0,69304264.0,73068,419.0,152.0,0,323.0,1000.0,977.0,835.0,4660,6.8,Good
4164,4165,109.0,1.0,USA,2686585.0,,5786,65.0,27.0,573,673.0,756.0,370.0,359.0,1949,6.9,Good
1928,1929,144.0,6.0,France,25500000.0,41229.0,14612,41.0,91.0,0,0.0,15000.0,960.0,745.0,18442,6.5,Good
1519,1520,114.0,1.0,USA,34000000.0,6543194.0,3740,61.0,52.0,314,46.0,818.0,649.0,292.0,1778,5.6,Fair
2964,2965,100.0,1.0,USA,12000000.0,12902790.0,4052,88.0,24.0,242,98.0,1000.0,849.0,604.0,3250,6.6,Good
123,124,129.0,0.0,Australia,150000000.0,139259759.0,364948,2121.0,245.0,0,0.0,309.0,269.0,233.0,1062,6.7,Good
4262,4263,80.0,0.0,France,9500000.0,7002255.0,42462,312.0,167.0,0,162.0,23.0,6.0,0.0,29,7.8,Good
4319,4320,92.0,0.0,Canada,100000.0,,40380,235.0,116.0,0,6.0,253.0,113.0,103.0,762,6.1,Good
1709,1710,511.0,0.0,Iceland,,,2308,19.0,16.0,0,,147.0,63.0,51.0,307,8.2,Excellent
1089,1090,136.0,0.0,USA,30000000.0,67253092.0,92702,209.0,127.0,0,49.0,17000.0,807.0,730.0,20299,7.2,Good
2536,2537,108.0,2.0,USA,16500000.0,11702090.0,37700,50.0,72.0,0,18.0,714.0,701.0,433.0,2785,6.3,Good
632,633,87.0,0.0,USA,69000000.0,251501645.0,385943,296.0,304.0,31000,275.0,7000.0,2000.0,975.0,11608,7.7,Good
3414,3415,93.0,1.0,Canada,8000000.0,298110.0,25055,98.0,140.0,0,8.0,553.0,177.0,33.0,786,6.8,Good
206,207,123.0,1.0,USA,125000000.0,337103873.0,305008,591.0,403.0,52000,508.0,34000.0,22000.0,14000.0,81385,6.7,Good
4368,4369,114.0,3.0,USA,1800000.0,,25472,109.0,26.0,0,57.0,16000.0,844.0,426.0,18263,7.0,Good
1900,1901,101.0,0.0,USA,30000000.0,51097664.0,70205,450.0,180.0,0,21.0,22000.0,812.0,317.0,23328,5.9,Fair
273,274,115.0,1.0,USA,120000000.0,144795350.0,387632,789.0,225.0,0,295.0,10000.0,981.0,466.0,12068,7.1,Good
1634,1635,85.0,0.0,UK,30000000.0,56068547.0,98160,307.0,209.0,0,9.0,567.0,269.0,100.0,1145,7.5,Good
2570,2571,105.0,0.0,USA,20000000.0,13854000.0,21079,55.0,15.0,818,121.0,11000.0,3000.0,384.0,14677,5.2,Fair
538,539,124.0,0.0,USA,75000000.0,68473360.0,49536,379.0,134.0,0,258.0,867.0,826.0,748.0,3424,5.9,Fair
3244,3245,99.0,0.0,USA,10000000.0,,11285,82.0,62.0,509,71.0,298.0,258.0,126.0,934,5.7,Fair
278,279,22.0,0.0,,,,6,,,0,0.0,5.0,,,5,7.2,Good
3918,3919,127.0,0.0,USA,4000000.0,,12677,89.0,50.0,414,13000.0,204.0,187.0,148.0,753,6.3,Good
2246,2247,121.0,2.0,USA,20000000.0,,33597,185.0,52.0,0,503.0,2000.0,92.0,83.0,2251,7.0,Good
2967,2968,122.0,0.0,USA,12000000.0,,16764,48.0,34.0,1000,30.0,1000.0,230.0,85.0,1456,6.6,Good
376,377,128.0,1.0,UK,80000000.0,72515360.0,86152,411.0,227.0,0,521.0,591.0,249.0,249.0,2100,6.4,Good
3640,3641,117.0,2.0,USA,7840000.0,,6454,44.0,38.0,733,160.0,11000.0,949.0,898.0,15604,7.4,Good
3463,3464,104.0,0.0,Canada,7500000.0,,4099,29.0,36.0,0,249.0,294.0,284.0,96.0,835,5.1,Fair
2131,2132,136.0,1.0,USA,21000000.0,46700000.0,19832,98.0,43.0,0,16000.0,16000.0,281.0,216.0,16805,5.9,Fair
2913,2914,148.0,2.0,South Korea,12800000.0,1110186.0,31943,224.0,86.0,0,16.0,717.0,517.0,489.0,1730,8.1,Excellent
2439,2440,107.0,0.0,USA,18000000.0,,27629,149.0,120.0,2000,0.0,517.0,376.0,101.0,1067,7.4,Good
3161,3162,97.0,0.0,Germany,10000000.0,10561238.0,27265,321.0,77.0,0,31.0,4000.0,980.0,551.0,6388,6.5,Good
5025,5026,110.0,1.0,France,4500.0,136007.0,3924,39.0,81.0,171,107.0,576.0,133.0,45.0,776,6.9,Good
3739,3740,106.0,1.0,Mexico,2000000.0,13622333.0,91377,385.0,173.0,0,0.0,269.0,43.0,19.0,361,7.7,Good
1143,1144,325.0,0.0,USA,44000000.0,1500000.0,9830,189.0,102.0,1000,517.0,12000.0,849.0,678.0,14255,6.8,Good
1702,1703,107.0,2.0,USA,45000000.0,12026670.0,114241,258.0,376.0,24000,419.0,971.0,236.0,165.0,1643,6.4,Good
3424,3425,124.0,0.0,Canada,8000000.0,,4412,31.0,20.0,520,2.0,413.0,265.0,23.0,733,7.7,Good
4710,4711,103.0,4.0,USA,600000.0,23616.0,94,4.0,,11,0.0,23.0,20.0,20.0,85,5.6,Fair
4744,4745,90.0,5.0,USA,,342936.0,45928,106.0,155.0,0,217.0,10000.0,10000.0,243.0,20480,6.1,Good
3385,3386,138.0,0.0,USA,8000000.0,10269307.0,53251,188.0,91.0,0,78.0,12000.0,3000.0,968.0,17524,6.3,Good
192,193,138.0,2.0,USA,125000000.0,101160529.0,200022,1240.0,434.0,71000,0.0,12000.0,9000.0,8000.0,32355,5.8,Fair
2679,2680,131.0,0.0,USA,15000000.0,15700000.0,332065,876.0,388.0,16000,0.0,10000.0,602.0,383.0,11114,7.6,Good
438,439,142.0,0.0,USA,78000000.0,407999255.0,701607,1959.0,673.0,140000,378.0,34000.0,14000.0,575.0,49942,7.3,Good
2802,2803,137.0,0.0,USA,26000000.0,5459824.0,92781,320.0,251.0,5000,143.0,14000.0,617.0,280.0,15337,7.6,Good
3097,3098,101.0,0.0,UK,10000000.0,55865715.0,41763,403.0,173.0,0,13.0,494.0,392.0,368.0,2013,5.5,Fair
4314,4315,91.0,1.0,UK,,5824.0,57811,357.0,161.0,0,43.0,13000.0,698.0,418.0,14561,6.8,Good
1102,1103,94.0,1.0,France,45000000.0,50648679.0,149549,348.0,216.0,0,85.0,14000.0,706.0,443.0,16225,6.3,Good
2231,2232,119.0,1.0,Australia,20000000.0,21413105.0,15230,97.0,20.0,0,23.0,25000.0,19000.0,748.0,45841,6.8,Good
2057,2058,126.0,1.0,USA,23000000.0,25556065.0,355126,748.0,574.0,148000,0.0,19000.0,128.0,105.0,19359,8.0,Good
4879,4880,66.0,2.0,USA,250000.0,,6,1.0,1.0,53,0.0,0.0,0.0,0.0,0,7.8,Good
2603,2604,110.0,2.0,USA,15000000.0,176781728.0,219171,388.0,173.0,19000,12000.0,10000.0,1000.0,555.0,13069,6.9,Good
3502,3503,122.0,1.0,UK,7000000.0,6601079.0,17436,276.0,119.0,0,98.0,729.0,579.0,397.0,2321,6.2,Good
3160,3161,89.0,0.0,USA,10000000.0,10824921.0,200293,621.0,144.0,16000,406.0,989.0,939.0,759.0,3462,7.8,Good
3309,3310,84.0,0.0,USA,9000000.0,11860839.0,5156,21.0,67.0,0,64.0,2000.0,892.0,748.0,4617,5.4,Fair
1831,1832,91.0,1.0,USA,26000000.0,20819129.0,84209,201.0,167.0,0,41.0,567.0,402.0,328.0,2954,5.2,Fair
4254,4255,102.0,1.0,Hong Kong,2000000.0,11546543.0,34520,146.0,77.0,0,32.0,483.0,147.0,75.0,768,7.6,Good
3866,3867,133.0,0.0,USA,4400000.0,112000000.0,680041,760.0,149.0,32000,869.0,888.0,721.0,425.0,2176,8.7,Excellent
3551,3552,88.0,8.0,Ireland,,828.0,5133,31.0,54.0,663,11.0,1000.0,418.0,415.0,2728,6.4,Good
2431,2432,107.0,13.0,USA,17000000.0,26284475.0,9051,68.0,97.0,0,24.0,10000.0,566.0,85.0,10691,5.7,Fair
2407,2408,89.0,0.0,USA,20000000.0,43818159.0,27664,260.0,146.0,1000,29.0,2000.0,690.0,458.0,4867,3.9,Bad
4076,4077,186.0,0.0,USA,3000000.0,,44457,176.0,73.0,0,176.0,877.0,862.0,760.0,3847,8.3,Excellent
3959,3960,96.0,1.0,USA,3950000.0,,3753,53.0,35.0,279,177.0,431.0,12.0,4.0,457,7.8,Good
4400,4401,110.0,0.0,USA,26000000.0,58885635.0,194426,1057.0,287.0,7000,0.0,3000.0,2000.0,1000.0,10438,7.4,Good
3764,3765,91.0,0.0,USA,5000000.0,5480318.0,9427,79.0,60.0,462,84.0,1000.0,778.0,572.0,2691,6.6,Good
2525,2526,120.0,1.0,France,17000000.0,106869.0,13762,39.0,106.0,0,30.0,14000.0,287.0,55.0,14492,6.6,Good
1338,1339,108.0,1.0,USA,38000000.0,127214072.0,83786,392.0,97.0,0,72.0,982.0,935.0,559.0,4251,6.1,Good
3512,3513,100.0,0.0,USA,7000000.0,2148212.0,781,20.0,25.0,157,0.0,655.0,476.0,359.0,1906,6.3,Good
4644,4645,85.0,0.0,USA,900000.0,16097842.0,53919,168.0,327.0,17000,0.0,282.0,270.0,88.0,687,7.5,Good
1745,1746,94.0,0.0,USA,29000000.0,6301131.0,92850,263.0,161.0,0,11.0,1000.0,948.0,566.0,5085,7.1,Good
3514,3515,99.0,0.0,USA,7000000.0,1654367.0,18355,106.0,117.0,3000,60.0,4000.0,787.0,628.0,6526,6.4,Good
1173,1174,100.0,1.0,New Zealand,45000000.0,5664251.0,22309,102.0,95.0,0,19.0,624.0,489.0,433.0,2056,6.3,Good
1853,1854,113.0,15.0,USA,56000000.0,54540525.0,66579,134.0,200.0,20000,0.0,22000.0,988.0,307.0,23456,5.7,Fair
762,763,116.0,0.0,USA,75000000.0,47748610.0,170179,656.0,223.0,0,0.0,1000.0,720.0,672.0,3090,6.3,Good
26,27,147.0,0.0,USA,250000000.0,407197282.0,272670,1022.0,516.0,72000,94.0,21000.0,19000.0,11000.0,64798,8.2,Excellent
3666,3667,105.0,9.0,USA,,531806.0,548,6.0,9.0,277,12.0,25.0,11.0,10.0,72,3.4,Bad
2186,2187,96.0,0.0,USA,20000000.0,47852604.0,62364,337.0,184.0,0,9.0,826.0,626.0,107.0,1825,5.9,Fair
57,58,98.0,0.0,USA,180000000.0,223806889.0,718837,1043.0,421.0,16000,475.0,1000.0,729.0,522.0,2975,8.4,Excellent
2225,2226,109.0,6.0,UK,20000000.0,26003149.0,185587,401.0,427.0,49000,1000.0,177.0,55.0,24.0,278,7.0,Good
2338,2339,118.0,0.0,France,140000000.0,146072.0,7147,16.0,8.0,136,8.0,106.0,56.0,11.0,182,6.0,Fair
4617,4618,89.0,0.0,USA,500000.0,,3650,39.0,64.0,0,23.0,199.0,37.0,23.0,292,5.1,Fair
3832,3833,87.0,6.0,USA,4700000.0,,1427,12.0,4.0,491,20.0,571.0,345.0,329.0,2006,3.2,Bad
2409,2410,113.0,1.0,USA,18000000.0,43601508.0,35718,317.0,111.0,0,22.0,727.0,171.0,148.0,1310,6.7,Good
1063,1064,105.0,1.0,USA,46000000.0,126805112.0,98199,169.0,84.0,0,29.0,8000.0,1000.0,692.0,12344,6.3,Good
3647,3648,101.0,2.0,Canada,6000000.0,,1696,19.0,37.0,1000,24.0,933.0,767.0,130.0,1940,7.2,Good
4432,4433,124.0,0.0,USA,1700000.0,183490.0,463,8.0,35.0,594,407.0,38.0,8.0,7.0,60,5.8,Fair
4600,4601,78.0,0.0,USA,1000000.0,10018.0,3228,31.0,71.0,244,0.0,262.0,163.0,61.0,509,6.1,Good
1682,1683,94.0,1.0,USA,30000000.0,18500966.0,70341,830.0,158.0,0,110.0,14000.0,829.0,277.0,15271,4.4,Fair
4546,4547,89.0,1.0,USA,1000000.0,,2636,36.0,39.0,365,0.0,356.0,110.0,102.0,831,6.2,Good
4596,4597,105.0,2.0,USA,1000000.0,,1434,43.0,8.0,27,5.0,590.0,231.0,73.0,1042,5.2,Fair
4093,4094,98.0,0.0,USA,3000000.0,3902679.0,3943,49.0,22.0,217,16.0,687.0,233.0,222.0,1806,5.3,Fair
3152,3153,89.0,5.0,USA,,15102127.0,17790,59.0,83.0,0,23.0,839.0,700.0,503.0,3973,5.8,Fair
2466,2467,114.0,0.0,France,18000000.0,,2541,20.0,59.0,342,157.0,84.0,35.0,32.0,198,5.5,Fair
4989,4990,111.0,0.0,USA,50000.0,,61,1.0,12.0,5,6.0,,,,0,6.0,Fair
2659,2660,107.0,1.0,USA,15000000.0,28014536.0,73347,296.0,111.0,0,5.0,893.0,822.0,141.0,2044,7.4,Good
558,559,84.0,0.0,USA,,90820.0,35510,119.0,130.0,0,10.0,3000.0,552.0,394.0,4368,6.0,Fair
3101,3102,100.0,8.0,USA,10000000.0,50752337.0,44502,46.0,22.0,0,65.0,633.0,613.0,577.0,3362,6.4,Good
4952,4953,120.0,1.0,USA,10000000.0,,1197,8.0,21.0,0,664.0,990.0,664.0,400.0,3525,5.4,Fair
291,292,106.0,1.0,USA,100000000.0,65452312.0,149998,285.0,267.0,0,12000.0,18000.0,464.0,385.0,19906,6.4,Good
2549,2550,80.0,2.0,USA,16000000.0,40363530.0,18254,307.0,56.0,1000,11.0,911.0,521.0,499.0,3058,3.3,Bad
1175,1176,105.0,4.0,France,27000000.0,1260917.0,24657,71.0,213.0,0,0.0,1000.0,172.0,52.0,1342,7.2,Good
662,663,137.0,0.0,USA,65000000.0,115603980.0,103589,351.0,322.0,35000,11000.0,769.0,698.0,465.0,2938,7.2,Good
3981,3982,25.0,5.0,USA,,,36265,147.0,55.0,0,,443.0,421.0,395.0,2195,8.4,Excellent
3017,3018,89.0,6.0,USA,12000000.0,,105,7.0,3.0,634,49.0,551.0,85.0,84.0,895,2.8,Bad
786,787,126.0,3.0,USA,60000000.0,30695227.0,45296,267.0,125.0,0,0.0,13000.0,10000.0,9000.0,34774,6.7,Good
1643,1644,121.0,2.0,USA,30000000.0,46875468.0,196217,461.0,478.0,59000,777.0,455.0,221.0,219.0,1467,7.6,Good
3133,3134,98.0,0.0,USA,10000000.0,25464480.0,63108,330.0,183.0,15000,58.0,14000.0,537.0,242.0,15251,5.9,Fair
549,550,91.0,0.0,USA,75000000.0,73661010.0,71137,229.0,190.0,0,27.0,12000.0,970.0,925.0,17299,6.6,Good
3971,3972,152.0,2.0,USA,3800000.0,14873.0,5294,67.0,53.0,251,541.0,773.0,575.0,288.0,2888,6.8,Good
2115,2116,96.0,0.0,France,25000000.0,16027866.0,26767,121.0,148.0,0,11.0,805.0,173.0,150.0,1411,5.1,Fair
4791,4792,90.0,0.0,USA,1066167.0,258113.0,42678,135.0,279.0,0,57.0,1000.0,235.0,92.0,1528,7.1,Good
3076,3077,98.0,0.0,UK,7000000.0,23838.0,28570,160.0,120.0,0,7.0,805.0,766.0,507.0,2271,5.5,Fair
1977,1978,140.0,1.0,USA,25000000.0,13651662.0,332276,514.0,317.0,77000,149.0,27000.0,798.0,581.0,29692,8.2,Excellent
4684,4685,90.0,1.0,USA,750000.0,,25951,129.0,233.0,2000,129.0,935.0,611.0,280.0,2170,5.6,Fair
3388,3389,92.0,1.0,USA,8000000.0,58401464.0,276746,264.0,262.0,19000,87.0,15000.0,1000.0,424.0,16982,7.1,Good
2832,2833,100.0,5.0,South Korea,13400000.0,163591.0,912,17.0,4.0,502,26.0,898.0,391.0,385.0,2895,3.6,Bad
2318,2319,135.0,0.0,USA,20000000.0,4001121.0,48346,230.0,231.0,0,162.0,23000.0,13000.0,228.0,36398,7.0,Good
3202,3203,98.0,0.0,Canada,8000000.0,1641788.0,30096,213.0,157.0,0,0.0,530.0,387.0,258.0,1381,6.8,Good
219,220,123.0,0.0,USA,125000000.0,215397307.0,242188,1426.0,237.0,0,610.0,10000.0,794.0,653.0,11930,6.1,Good
681,682,101.0,0.0,USA,65000000.0,28045540.0,67707,202.0,136.0,0,4000.0,17000.0,14000.0,539.0,32232,6.1,Good
2211,2212,128.0,1.0,USA,20000000.0,31838002.0,136673,281.0,324.0,10000,835.0,11000.0,896.0,755.0,13189,7.6,Good
4614,4615,87.0,2.0,USA,1000000.0,,275,22.0,2.0,141,3.0,767.0,282.0,149.0,1593,5.8,Fair
4726,4727,87.0,6.0,USA,,,1305,3.0,8.0,244,490.0,833.0,523.0,201.0,2295,5.4,Fair
868,869,110.0,0.0,USA,55000000.0,38553833.0,46239,155.0,62.0,0,81.0,1000.0,416.0,163.0,1752,6.8,Good
1018,1019,115.0,2.0,USA,50000000.0,10556196.0,16562,73.0,59.0,697,333.0,972.0,713.0,317.0,2606,6.2,Good
2435,2436,102.0,1.0,Canada,18000000.0,14793904.0,28209,80.0,107.0,0,0.0,946.0,800.0,529.0,4072,5.3,Fair
3713,3714,117.0,0.0,USA,5000000.0,27296514.0,326494,340.0,471.0,65000,212.0,11000.0,3000.0,896.0,17738,8.0,Good
1398,1399,95.0,1.0,USA,33000000.0,205399422.0,181225,784.0,199.0,0,116.0,45000.0,645.0,481.0,47203,6.6,Good
1359,1360,127.0,0.0,USA,38000000.0,41997790.0,125305,343.0,302.0,39000,123.0,14000.0,924.0,904.0,17551,6.4,Good
4203,4204,80.0,0.0,USA,2500000.0,99851.0,1138,30.0,28.0,0,0.0,191.0,12.0,5.0,210,7.1,Good
3081,3082,97.0,1.0,Canada,12500000.0,,1337,28.0,17.0,392,4.0,882.0,450.0,194.0,1554,6.3,Good
4610,4611,96.0,1.0,USA,1000000.0,,1359,8.0,20.0,903,0.0,782.0,490.0,396.0,2607,5.8,Fair
4448,4449,83.0,1.0,USA,2000000.0,184925485.0,133348,204.0,145.0,0,0.0,82.0,47.0,31.0,229,7.7,Good
4919,4920,94.0,1.0,USA,200000.0,,15,3.0,3.0,66,0.0,433.0,375.0,178.0,1112,8.1,Excellent
2973,2974,119.0,3.0,China,100000000.0,11041228.0,92295,420.0,248.0,0,611.0,755.0,483.0,4.0,1244,7.6,Good
2124,2125,120.0,1.0,France,16000000.0,634277.0,5166,27.0,78.0,815,2.0,809.0,521.0,80.0,1651,7.3,Good
4594,4595,93.0,1.0,USA,500000.0,48430.0,20176,73.0,112.0,0,11.0,443.0,298.0,271.0,1452,6.8,Good
953,954,80.0,0.0,USA,35000000.0,75367693.0,58961,232.0,116.0,795,12.0,13000.0,258.0,58.0,13430,5.0,Fair
2695,2696,76.0,0.0,Canada,15000000.0,11144518.0,2724,53.0,24.0,436,9.0,595.0,417.0,47.0,1139,2.8,Bad
2403,2404,94.0,10.0,USA,18000000.0,59573085.0,13562,103.0,156.0,19000,52.0,567.0,312.0,261.0,2259,6.1,Good
3890,3891,150.0,0.0,UK,140000000.0,65007045.0,128694,657.0,314.0,51000,0.0,23000.0,892.0,748.0,26489,6.1,Good
4491,4492,99.0,0.0,USA,1200000.0,,24891,150.0,73.0,0,13000.0,282.0,255.0,232.0,1041,7.2,Good
608,609,116.0,0.0,USA,70000000.0,40932372.0,58023,281.0,120.0,0,380.0,18000.0,13000.0,774.0,32563,6.3,Good
2134,2135,96.0,0.0,USA,17000000.0,42660000.0,25086,87.0,60.0,1000,8.0,533.0,219.0,199.0,1254,4.8,Fair
736,737,100.0,4.0,USA,60000000.0,90341670.0,102129,432.0,167.0,0,55.0,12000.0,1000.0,416.0,14611,5.5,Fair
2234,2235,103.0,3.0,Germany,,26870825.0,22604,124.0,90.0,0,31.0,12000.0,804.0,733.0,14903,6.4,Good
2685,2686,85.0,0.0,USA,,10353690.0,2673,31.0,68.0,116,0.0,468.0,67.0,44.0,646,8.4,Excellent
4538,4539,86.0,0.0,UK,1000000.0,14564027.0,76407,335.0,203.0,0,385.0,266.0,209.0,100.0,673,7.0,Good
882,883,280.0,0.0,USA,56000000.0,12870569.0,13215,497.0,84.0,953,33.0,789.0,640.0,67.0,1671,6.3,Good
16,17,173.0,3.0,USA,220000000.0,623279547.0,995415,1722.0,703.0,123000,0.0,26000.0,21000.0,19000.0,87697,8.1,Excellent
1736,1737,128.0,3.0,USA,30000000.0,37036404.0,44816,259.0,148.0,0,0.0,955.0,869.0,754.0,5404,6.4,Good
3243,3244,85.0,6.0,USA,6500000.0,70527.0,7690,68.0,27.0,376,0.0,11000.0,826.0,742.0,14656,6.7,Good
3049,3050,84.0,1.0,USA,11000000.0,13592872.0,10777,79.0,58.0,671,71.0,8000.0,723.0,553.0,10982,5.1,Fair
677,678,96.0,0.0,Germany,65000000.0,42345531.0,104831,423.0,239.0,32000,545.0,14000.0,1000.0,974.0,17913,5.4,Fair
4261,4262,119.0,8.0,USA,1614000.0,,2269,34.0,12.0,236,6.0,1000.0,760.0,380.0,2555,7.1,Good
1952,1953,93.0,5.0,USA,25000000.0,17718223.0,162067,316.0,92.0,0,17.0,13000.0,634.0,360.0,14180,6.6,Good
1487,1488,100.0,1.0,UK,35000000.0,10991381.0,44931,100.0,188.0,0,212.0,2000.0,1000.0,919.0,5890,7.3,Good
4813,4814,89.0,0.0,France,6000000.0,12843.0,27297,131.0,279.0,0,33.0,470.0,378.0,118.0,1233,6.1,Good
3060,3061,94.0,3.0,UK,11000000.0,3034181.0,13622,128.0,70.0,550,18.0,658.0,463.0,183.0,1559,5.4,Fair
717,718,116.0,0.0,USA,95000000.0,102678089.0,42705,274.0,113.0,885,165.0,577.0,501.0,475.0,2321,6.3,Good
2639,2640,106.0,0.0,USA,15000000.0,35007180.0,26846,193.0,102.0,0,357.0,23000.0,1000.0,883.0,26652,5.6,Fair
1744,1745,88.0,0.0,Romania,12000000.0,17016190.0,28632,214.0,148.0,0,64.0,1000.0,857.0,363.0,2567,4.9,Fair
4659,4660,93.0,1.0,UK,,,190,6.0,16.0,33,5.0,49.0,11.0,10.0,81,6.9,Good
2623,2624,113.0,8.0,USA,15000000.0,55184721.0,9811,100.0,41.0,1000,0.0,2000.0,721.0,607.0,6510,5.6,Fair
1534,1535,124.0,3.0,USA,38000000.0,8406264.0,24826,175.0,56.0,783,179.0,11000.0,617.0,551.0,13093,6.0,Fair
4996,4997,90.0,0.0,USA,42000.0,241816.0,6246,76.0,75.0,451,234.0,552.0,61.0,15.0,642,7.5,Good
1885,1886,99.0,1.0,USA,25000000.0,134141530.0,75903,109.0,146.0,0,167.0,655.0,521.0,460.0,2394,6.2,Good
3882,3883,104.0,0.0,Russia,4200000.0,1487477.0,47097,310.0,232.0,0,335.0,114.0,28.0,16.0,206,6.5,Good
2723,2724,98.0,0.0,USA,,3525161.0,15388,190.0,106.0,0,18.0,837.0,400.0,220.0,1675,5.5,Fair
449,450,110.0,1.0,USA,80000000.0,130313314.0,168172,380.0,265.0,0,88.0,13000.0,12000.0,11000.0,44798,6.5,Good
537,538,100.0,4.0,USA,35000000.0,73023275.0,16271,57.0,107.0,1000,87.0,3000.0,576.0,446.0,5174,5.4,Fair
4386,4387,126.0,10.0,USA,1644736.0,,17799,133.0,51.0,0,964.0,319.0,302.0,275.0,1363,8.0,Good
1974,1975,127.0,7.0,Chile,26000000.0,12188642.0,21098,56.0,120.0,0,36.0,562.0,499.0,399.0,2230,6.9,Good
3048,3049,89.0,0.0,USA,11000000.0,13903262.0,14656,90.0,37.0,0,2.0,799.0,711.0,651.0,4291,6.3,Good
1632,1633,83.0,5.0,USA,30000000.0,51109400.0,76850,85.0,43.0,1000,88.0,3000.0,459.0,348.0,4767,6.4,Good
3284,3285,120.0,6.0,USA,9000000.0,34074895.0,6525,79.0,32.0,0,92.0,1000.0,886.0,862.0,5420,6.7,Good
475,476,129.0,1.0,USA,80000000.0,65948711.0,86422,363.0,209.0,0,438.0,18000.0,1000.0,502.0,20056,6.6,Good
4124,4125,86.0,0.0,Ireland,,128937.0,2437,31.0,90.0,580,0.0,767.0,122.0,77.0,975,6.2,Good
4430,4431,98.0,0.0,USA,1500000.0,105943.0,1351,11.0,14.0,212,102.0,563.0,485.0,360.0,2628,6.1,Good
1554,1555,105.0,1.0,France,33000000.0,99462.0,11347,28.0,122.0,5000,0.0,716.0,648.0,223.0,1843,7.1,Good
3367,3368,100.0,2.0,USA,8000000.0,34963967.0,270441,378.0,327.0,40000,129.0,23000.0,10000.0,3000.0,39807,7.7,Good
4913,4914,87.0,0.0,USA,200000.0,,129799,638.0,66.0,46000,29.0,505.0,323.0,131.0,1181,8.0,Good
2619,2620,98.0,1.0,USA,15000000.0,61400000.0,71183,183.0,55.0,0,11000.0,816.0,695.0,624.0,3617,7.4,Good
880,881,114.0,1.0,UK,55000000.0,16264475.0,54787,216.0,202.0,0,159.0,13000.0,2000.0,877.0,16899,6.9,Good
2354,2355,184.0,2.0,Germany,20000000.0,476270.0,29602,110.0,160.0,0,34.0,486.0,471.0,155.0,1601,7.4,Good
675,676,114.0,0.0,USA,16900000.0,,41776,383.0,97.0,0,468.0,1000.0,1000.0,919.0,3860,6.4,Good
121,122,105.0,2.0,USA,150000000.0,177243721.0,130272,209.0,185.0,2000,189.0,49000.0,3000.0,1000.0,54039,5.9,Fair
2378,2379,172.0,0.0,USA,19000000.0,,6156,91.0,30.0,560,75.0,617.0,134.0,102.0,1131,6.7,Good
794,795,104.0,0.0,USA,60000000.0,30063805.0,31788,243.0,117.0,0,293.0,780.0,265.0,256.0,2109,6.1,Good
465,466,88.0,1.0,USA,80000000.0,90443603.0,112167,123.0,46.0,0,30.0,13000.0,967.0,366.0,15001,6.3,Good
649,650,127.0,1.0,USA,70000000.0,182805123.0,158864,395.0,149.0,0,278.0,2000.0,955.0,912.0,5838,6.4,Good
1344,1345,120.0,1.0,USA,38000000.0,58700247.0,95367,260.0,279.0,33000,508.0,21000.0,11000.0,1000.0,36062,6.9,Good
2401,2402,98.0,2.0,USA,18000000.0,60057639.0,107815,485.0,195.0,10000,72.0,1000.0,624.0,566.0,3151,7.1,Good
2327,2328,80.0,2.0,USA,20000000.0,1646664.0,4518,66.0,28.0,241,121.0,836.0,624.0,587.0,2467,2.8,Bad
862,863,94.0,1.0,USA,55000000.0,68218041.0,67191,108.0,189.0,14000,70.0,1000.0,549.0,497.0,2820,6.0,Fair
371,372,106.0,0.0,USA,88000000.0,78747585.0,89770,342.0,253.0,39000,0.0,22000.0,11000.0,1000.0,35367,5.6,Fair
4626,4627,90.0,2.0,Canada,1000000.0,,137,16.0,16.0,48,0.0,57.0,40.0,36.0,231,5.4,Fair
2333,2334,103.0,1.0,Japan,2127519898.0,410388.0,13727,79.0,105.0,973,78.0,488.0,336.0,101.0,991,6.9,Good
2236,2237,106.0,0.0,USA,20000000.0,21200000.0,34774,162.0,59.0,1000,835.0,1000.0,967.0,458.0,3598,6.8,Good
2780,2781,105.0,1.0,UK,13000000.0,29959436.0,82327,350.0,331.0,18000,58.0,11000.0,1000.0,583.0,12894,6.4,Good
1803,1804,116.0,4.0,USA,27000000.0,69586544.0,15352,199.0,93.0,0,144.0,1000.0,482.0,477.0,3845,6.0,Fair
4997,4998,90.0,5.0,USA,40000.0,277233.0,2631,26.0,21.0,0,4.0,20000.0,467.0,113.0,20814,7.6,Good
4668,4669,87.0,0.0,USA,,58163.0,122,3.0,13.0,4,0.0,1000.0,749.0,258.0,2359,4.2,Fair
4176,4177,100.0,1.0,USA,2600000.0,,5012,47.0,66.0,254,6.0,331.0,272.0,209.0,1082,5.3,Fair
1074,1075,84.0,7.0,USA,48000000.0,110000082.0,111526,347.0,151.0,0,119.0,807.0,780.0,750.0,3629,5.5,Fair
3669,3670,116.0,0.0,USA,5500000.0,50382128.0,10472,202.0,62.0,0,0.0,907.0,637.0,476.0,2723,5.6,Fair
1993,1994,105.0,0.0,Germany,33000000.0,34014398.0,115650,1033.0,285.0,4000,160.0,852.0,521.0,490.0,2603,5.6,Fair
56,57,122.0,4.0,USA,185000000.0,130468626.0,53607,432.0,322.0,30000,681.0,998.0,119.0,105.0,1327,7.5,Good
2721,2722,92.0,0.0,USA,20000000.0,4002955.0,33745,198.0,59.0,0,6.0,890.0,729.0,577.0,3654,6.2,Good
623,624,88.0,1.0,USA,70000000.0,8460990.0,5116,54.0,51.0,5000,6.0,2000.0,1000.0,854.0,6946,5.6,Fair
1286,1287,84.0,0.0,USA,40000000.0,21176322.0,23747,207.0,86.0,0,33.0,1000.0,1000.0,1000.0,5039,4.0,Bad
3779,3780,103.0,0.0,USA,5000000.0,1100000.0,3665,39.0,19.0,247,261.0,722.0,280.0,145.0,1201,6.8,Good
4792,4793,84.0,0.0,USA,15000.0,107917283.0,184824,1189.0,409.0,12000,110.0,189.0,109.0,21.0,330,6.3,Good
4634,4635,100.0,1.0,USA,950000.0,,7870,64.0,8.0,884,12.0,529.0,413.0,354.0,2468,6.0,Fair
3383,3384,93.0,3.0,USA,5000000.0,14015786.0,37952,298.0,107.0,938,44.0,15000.0,11000.0,596.0,27646,6.5,Good
1244,1245,134.0,1.0,USA,40000000.0,47034272.0,25465,190.0,249.0,16000,16000.0,880.0,413.0,235.0,2281,6.9,Good
3005,3006,110.0,1.0,USA,12000000.0,175370.0,6884,133.0,42.0,458,18.0,13000.0,883.0,865.0,17417,4.6,Fair
2159,2160,101.0,1.0,USA,20000000.0,117224271.0,47794,81.0,156.0,0,79.0,608.0,362.0,218.0,1787,7.1,Good
1466,1467,96.0,1.0,USA,35000000.0,22913677.0,47800,244.0,89.0,0,13.0,11000.0,1000.0,973.0,17292,6.3,Good
3513,3514,105.0,3.0,USA,7000000.0,2062066.0,11387,147.0,97.0,357,261.0,783.0,658.0,617.0,2684,6.6,Good
292,293,98.0,10.0,USA,100000000.0,148383780.0,85531,152.0,180.0,0,80.0,22000.0,713.0,708.0,24082,5.5,Fair
2482,2483,93.0,4.0,USA,18000000.0,,13133,101.0,46.0,0,32.0,13000.0,1000.0,1000.0,16735,4.6,Fair
3635,3636,104.0,5.0,France,,181798.0,2591,36.0,60.0,52,324.0,173.0,67.0,27.0,282,6.6,Good
4773,4774,90.0,0.0,USA,,,30,1.0,1.0,70,0.0,84.0,41.0,33.0,254,8.3,Excellent
1346,1347,88.0,0.0,China,40000000.0,,2169,18.0,4.0,0,0.0,76.0,47.0,46.0,196,6.4,Good
2694,2695,124.0,0.0,USA,15000000.0,10763469.0,13692,55.0,42.0,877,11000.0,11000.0,860.0,563.0,12685,6.4,Good
2667,2668,94.0,0.0,USA,15000000.0,22189039.0,17074,55.0,25.0,466,11.0,1000.0,605.0,232.0,2210,5.5,Fair
3914,3915,107.0,2.0,USA,25000000.0,14637490.0,16411,136.0,160.0,0,0.0,798.0,374.0,255.0,2537,4.8,Fair
1347,1348,146.0,0.0,USA,38000000.0,50668906.0,76016,265.0,65.0,0,278.0,18000.0,584.0,494.0,20516,7.6,Good
4089,4090,82.0,1.0,USA,3000000.0,4142507.0,3665,81.0,48.0,131,0.0,472.0,324.0,51.0,858,4.4,Fair
1758,1759,110.0,0.0,USA,26000000.0,58885635.0,194422,1057.0,287.0,7000,0.0,3000.0,2000.0,1000.0,10438,7.4,Good
3876,3877,133.0,0.0,India,150000000.0,199228.0,7295,49.0,12.0,504,12.0,464.0,374.0,106.0,1045,7.2,Good
3326,3327,127.0,1.0,France,,171320.0,10796,33.0,163.0,0,236.0,580.0,236.0,68.0,1129,7.3,Good
844,845,134.0,0.0,USA,55000000.0,107100855.0,323353,527.0,491.0,65000,521.0,15000.0,535.0,186.0,16281,7.9,Good
428,429,107.0,1.0,USA,70000000.0,137340146.0,246492,685.0,173.0,7000,153.0,11000.0,1000.0,233.0,12700,6.4,Good
4638,4639,100.0,8.0,USA,930000.0,20186.0,6025,15.0,18.0,995,28.0,945.0,756.0,501.0,2924,5.7,Fair
692,693,121.0,0.0,UK,55000000.0,43247140.0,134625,265.0,361.0,40000,175.0,963.0,580.0,221.0,2131,7.1,Good
2879,2880,96.0,2.0,USA,11000000.0,3074838.0,56264,166.0,226.0,0,460.0,14000.0,153.0,73.0,14372,6.3,Good
3760,3761,90.0,4.0,USA,5000000.0,6755271.0,7319,131.0,56.0,327,23.0,847.0,591.0,560.0,3004,5.3,Fair
1648,1649,107.0,0.0,USA,30000000.0,42385520.0,47297,86.0,138.0,16000,209.0,2000.0,594.0,357.0,4059,6.2,Good
4462,4463,135.0,2.0,USA,1592000.0,638951.0,775,19.0,15.0,100,5.0,51.0,24.0,5.0,83,7.4,Good
3069,3070,111.0,2.0,UK,12000000.0,,5013,59.0,136.0,0,17.0,845.0,641.0,405.0,3117,5.7,Fair
4769,4770,90.0,3.0,USA,500000.0,,5025,45.0,26.0,701,0.0,322.0,178.0,120.0,630,6.6,Good
3726,3727,134.0,0.0,Canada,,19097994.0,11744,49.0,125.0,0,81.0,882.0,845.0,388.0,2410,7.1,Good
2984,2985,113.0,0.0,Australia,12000000.0,4717455.0,18632,354.0,138.0,656,319.0,1000.0,65.0,48.0,1171,5.3,Fair
811,812,108.0,0.0,USA,58000000.0,363024263.0,479047,1058.0,579.0,117000,84.0,16000.0,805.0,361.0,18239,8.1,Excellent
2257,2258,88.0,1.0,USA,35000000.0,16988996.0,3875,75.0,43.0,422,0.0,3000.0,968.0,939.0,8189,4.0,Bad
4685,4686,95.0,0.0,USA,750000.0,,851,30.0,8.0,128,3.0,717.0,134.0,118.0,1117,3.1,Bad
2896,2897,109.0,1.0,USA,12500000.0,14060950.0,14354,139.0,83.0,0,97.0,13000.0,795.0,355.0,14347,6.9,Good
4551,4552,109.0,0.0,UK,1100000.0,,162,5.0,29.0,75,0.0,202.0,47.0,30.0,283,7.0,Good
4010,4011,91.0,3.0,USA,3500000.0,96793.0,12188,135.0,50.0,1000,23.0,4000.0,756.0,660.0,6380,5.3,Fair
129,130,115.0,1.0,USA,150000000.0,181015141.0,536314,738.0,516.0,63000,0.0,26000.0,20000.0,12000.0,60059,7.0,Good
1029,1030,88.0,5.0,USA,50000000.0,6471394.0,15880,93.0,75.0,288,5.0,11000.0,387.0,338.0,11972,4.9,Fair
3096,3097,96.0,0.0,USA,10000000.0,63270259.0,111087,319.0,190.0,0,163.0,723.0,651.0,448.0,3492,5.9,Fair
1901,1902,98.0,5.0,USA,26000000.0,84136909.0,267921,577.0,181.0,0,285.0,640000.0,8000.0,7000.0,656730,7.2,Good
1196,1197,120.0,0.0,USA,40000000.0,96917897.0,479453,696.0,556.0,74000,21000.0,10000.0,349.0,81.0,10555,7.7,Good
1508,1509,93.0,2.0,France,32000000.0,,28848,76.0,58.0,0,18.0,4000.0,820.0,324.0,5377,5.7,Fair
4767,4768,122.0,0.0,USA,,,292,16.0,1.0,353,406.0,358.0,317.0,152.0,1038,2.2,Bad
258,259,119.0,0.0,USA,120000000.0,98780042.0,136019,443.0,447.0,14000,1000.0,11000.0,1000.0,741.0,13391,5.8,Fair
3553,3554,99.0,0.0,USA,6500000.0,84263837.0,81699,291.0,271.0,45000,40.0,1000.0,421.0,300.0,2323,5.4,Fair
2713,2714,102.0,4.0,USA,15000000.0,6409206.0,32311,104.0,132.0,0,11.0,15000.0,14000.0,1000.0,33153,6.2,Good
12,13,151.0,2.0,USA,225000000.0,423032628.0,522040,1832.0,313.0,5000,563.0,40000.0,5000.0,1000.0,48486,7.3,Good
3704,3705,115.0,1.0,Mexico,5000000.0,44456509.0,22105,81.0,41.0,14000,399.0,399.0,89.0,83.0,688,7.6,Good
33,34,104.0,0.0,Canada,210000000.0,234360014.0,383427,1912.0,334.0,0,420.0,20000.0,808.0,560.0,21714,6.8,Good
4903,4904,86.0,3.0,USA,200000.0,215185.0,48,2.0,7.0,26,0.0,178.0,58.0,15.0,279,7.5,Good
684,685,60.0,0.0,UK,,,8739,28.0,14.0,0,,1000.0,773.0,575.0,3537,8.1,Excellent
153,154,95.0,0.0,USA,145000000.0,143523463.0,64322,145.0,210.0,24000,5.0,24000.0,11000.0,967.0,36095,7.2,Good
2753,2754,124.0,1.0,UK,15000000.0,,695,32.0,22.0,277,67.0,631.0,452.0,303.0,1585,6.6,Good
3613,3614,84.0,1.0,USA,6000000.0,5895238.0,17169,70.0,133.0,9000,4.0,8000.0,806.0,546.0,10123,5.5,Fair
4717,4718,98.0,0.0,USA,600000.0,,719,9.0,8.0,128,5.0,587.0,448.0,233.0,1707,4.5,Fair
531,532,125.0,0.0,USA,50000000.0,41814863.0,28635,308.0,167.0,893,212.0,613.0,422.0,394.0,1970,5.1,Fair
3375,3376,60.0,2.0,USA,,,5817,25.0,9.0,0,,666.0,579.0,460.0,4043,7.1,Good
814,815,103.0,4.0,USA,58000000.0,80021740.0,47968,154.0,218.0,35000,11.0,2000.0,1000.0,543.0,5497,6.4,Good
2474,2475,119.0,2.0,USA,20000000.0,121463226.0,422606,555.0,256.0,0,99.0,15000.0,833.0,778.0,17584,7.6,Good
4250,4251,100.0,0.0,USA,2000000.0,14673301.0,112899,631.0,533.0,45000,421.0,314.0,189.0,159.0,1062,6.9,Good
2490,2491,110.0,2.0,USA,17500000.0,19179969.0,54710,177.0,91.0,0,422.0,33000.0,459.0,422.0,35345,6.3,Good
4481,4482,27.0,0.0,USA,,,3282,17.0,19.0,632,,934.0,691.0,201.0,1961,7.3,Good
496,497,118.0,4.0,USA,80000000.0,19673424.0,37446,232.0,205.0,0,252.0,529.0,48.0,30.0,619,5.8,Fair
83,84,109.0,3.0,Belgium,,,2138,15.0,10.0,677,596.0,622.0,525.0,283.0,1982,4.5,Fair
3904,3905,93.0,0.0,France,5000000.0,15152879.0,13506,68.0,161.0,0,8.0,45000.0,541.0,400.0,46868,4.0,Bad
2181,2182,85.0,0.0,USA,20000000.0,48546578.0,50415,613.0,99.0,806,64.0,3000.0,869.0,729.0,6539,2.7,Bad
4478,4479,87.0,0.0,USA,15000000.0,,458,3.0,7.0,381,11.0,578.0,418.0,397.0,1730,3.7,Bad
2855,2856,84.0,2.0,USA,13200000.0,52543632.0,12676,84.0,58.0,0,12.0,1000.0,345.0,334.0,2297,5.6,Fair
1204,1205,128.0,0.0,USA,40000000.0,95001343.0,66511,200.0,216.0,28000,241.0,11000.0,3000.0,898.0,16911,7.5,Good
1349,1350,123.0,3.0,USA,35000000.0,40334024.0,44168,216.0,116.0,989,7.0,931.0,754.0,692.0,2912,6.2,Good
1030,1031,87.0,0.0,USA,50000000.0,6291602.0,8070,91.0,82.0,255,0.0,2000.0,602.0,591.0,3954,5.6,Fair
3261,3262,117.0,0.0,UK,9500000.0,43100000.0,75280,267.0,130.0,0,43.0,742.0,462.0,244.0,2127,6.9,Good
234,235,124.0,0.0,USA,120000000.0,89021735.0,387436,892.0,539.0,71000,364.0,11000.0,10000.0,1000.0,22004,7.0,Good
18,19,106.0,1.0,USA,225000000.0,179020854.0,268154,341.0,451.0,40000,188.0,10000.0,816.0,718.0,12572,6.8,Good
4060,4061,108.0,0.0,USA,3000000.0,,33741,141.0,70.0,0,174.0,253.0,197.0,110.0,649,8.1,Excellent
1628,1629,124.0,1.0,USA,30000000.0,52937130.0,198066,426.0,147.0,13000,47.0,40000.0,1000.0,877.0,43453,7.6,Good
3593,3594,94.0,0.0,Germany,6000000.0,21005329.0,89128,258.0,96.0,0,12.0,16000.0,876.0,583.0,19341,6.4,Good
2856,2857,126.0,0.0,USA,18000000.0,25592632.0,220475,1066.0,330.0,20000,0.0,2000.0,850.0,745.0,5371,7.2,Good
1214,1215,105.0,2.0,USA,40000000.0,71347010.0,166194,215.0,215.0,0,29.0,24000.0,4000.0,257.0,28928,7.1,Good
1739,1740,113.0,0.0,USA,29000000.0,,71596,276.0,181.0,3000,0.0,504.0,147.0,89.0,810,7.1,Good
3604,3605,99.0,1.0,UK,9000000.0,11883495.0,52805,278.0,88.0,0,29.0,711.0,427.0,161.0,1462,6.8,Good
1416,1417,100.0,3.0,USA,35000000.0,63939454.0,61321,217.0,127.0,0,31.0,947.0,742.0,591.0,2968,6.2,Good
1439,1440,103.0,1.0,Canada,35000000.0,40687294.0,107772,398.0,228.0,0,212.0,15000.0,552.0,248.0,16249,5.4,Fair
1990,1991,95.0,3.0,USA,25000000.0,5654777.0,4875,26.0,31.0,206,32.0,843.0,593.0,324.0,2165,4.1,Fair
2784,2785,100.0,1.0,USA,20000000.0,19900000.0,17262,53.0,34.0,1000,0.0,723.0,422.0,364.0,2348,4.5,Fair
360,361,151.0,0.0,USA,90000000.0,132373442.0,873649,2054.0,352.0,29000,17000.0,29000.0,13000.0,1000.0,45648,8.5,Excellent
4204,4205,106.0,2.0,UK,14000000.0,115504.0,4820,26.0,22.0,0,8.0,611.0,397.0,315.0,1739,6.2,Good
4937,4938,72.0,0.0,USA,150000.0,4914.0,123,2.0,5.0,215,0.0,0.0,0.0,0.0,0,7.0,Good
3903,3904,109.0,0.0,USA,,10941801.0,12059,486.0,74.0,2000,0.0,847.0,670.0,428.0,2649,5.4,Fair
4781,4782,82.0,6.0,USA,500000.0,,53,5.0,1.0,62,5.0,472.0,251.0,237.0,1752,4.3,Fair
3802,3803,92.0,0.0,UK,2500000.0,,10056,82.0,80.0,639,46.0,570.0,337.0,141.0,1258,6.2,Good
1784,1785,94.0,4.0,USA,28000000.0,24268828.0,29971,71.0,97.0,0,32.0,1000.0,626.0,453.0,3436,5.4,Fair
4811,4812,100.0,8.0,USA,379000.0,2808000.0,4546,71.0,36.0,167,4.0,77.0,28.0,4.0,109,6.3,Good
4519,4520,73.0,1.0,Canada,1600000.0,39659.0,1555,32.0,58.0,131,126.0,14.0,4.0,3.0,21,7.0,Good
4547,4548,96.0,0.0,USA,,23808111.0,67654,504.0,372.0,0,49.0,861.0,68.0,,929,7.5,Good
4694,4695,108.0,0.0,Australia,30000000.0,32048809.0,94463,576.0,228.0,0,174.0,730.0,716.0,324.0,2160,5.3,Fair
4353,4354,86.0,5.0,New Zealand,,,333,6.0,,213,0.0,42.0,40.0,3.0,90,6.3,Good
1625,1626,98.0,1.0,USA,37000000.0,56044241.0,122187,339.0,119.0,0,56.0,3000.0,2000.0,533.0,6742,6.1,Good
1496,1497,101.0,0.0,USA,35000000.0,6448817.0,2189,31.0,24.0,0,31.0,690.0,457.0,448.0,1993,4.6,Fair
1980,1981,112.0,2.0,USA,25000000.0,10911750.0,17757,99.0,143.0,982,108.0,23000.0,17000.0,2000.0,43560,6.5,Good
511,512,124.0,0.0,Germany,78000000.0,92930005.0,204063,764.0,210.0,0,420.0,22000.0,12000.0,876.0,35867,7.2,Good
908,909,172.0,1.0,USA,55000000.0,22843047.0,6082,207.0,78.0,853,438.0,852.0,637.0,466.0,2397,5.9,Fair
3966,3967,141.0,2.0,USA,100000000.0,,67,1.0,1.0,0,335.0,11000.0,744.0,635.0,13391,6.0,Fair
184,185,117.0,6.0,USA,130000000.0,180191634.0,313866,549.0,517.0,61000,235.0,2000.0,2000.0,680.0,5730,7.4,Good
4216,4217,101.0,0.0,UK,2500000.0,,2753,82.0,20.0,0,15.0,844.0,722.0,663.0,3132,3.1,Bad
261,262,103.0,3.0,USA,110000000.0,142614158.0,66593,153.0,172.0,31000,67.0,383.0,113.0,111.0,692,5.5,Fair
2766,2767,101.0,0.0,USA,15000000.0,,1554,20.0,22.0,0,34.0,892.0,355.0,277.0,2055,5.7,Fair
5003,5004,78.0,0.0,USA,30000.0,243768.0,143,9.0,3.0,13,6.0,32.0,17.0,17.0,72,4.1,Fair
4521,4522,110.0,1.0,Canada,1100000.0,56129.0,6555,82.0,97.0,0,22.0,434.0,95.0,48.0,645,6.1,Good
695,696,94.0,1.0,Hong Kong,65000000.0,19548064.0,25681,77.0,138.0,0,42.0,12000.0,9000.0,668.0,23365,6.3,Good
1068,1069,116.0,1.0,USA,46000000.0,58918501.0,40126,107.0,65.0,975,380.0,18000.0,13000.0,826.0,33233,6.6,Good
1265,1266,102.0,1.0,USA,40000000.0,32853640.0,50199,101.0,146.0,702,65.0,1000.0,613.0,490.0,3239,5.7,Fair
1239,1240,96.0,1.0,USA,40000000.0,47781388.0,147504,531.0,195.0,0,192.0,40000.0,534.0,501.0,41293,6.6,Good
1231,1232,113.0,3.0,UK,30000000.0,61094903.0,210542,332.0,349.0,29000,174.0,14000.0,903.0,767.0,17152,6.9,Good
384,385,132.0,0.0,USA,100000000.0,58220776.0,87785,362.0,93.0,0,0.0,49000.0,1000.0,957.0,55254,6.8,Good
2773,2774,123.0,2.0,UK,14000000.0,46800000.0,76477,275.0,112.0,0,43.0,456.0,244.0,238.0,1326,7.1,Good
758,759,92.0,1.0,USA,60000000.0,50024083.0,35918,126.0,47.0,1000,14.0,789.0,520.0,488.0,2318,5.4,Fair
4246,4247,115.0,0.0,UK,2000000.0,24800000.0,89403,358.0,167.0,0,92.0,559.0,201.0,177.0,1456,7.5,Good
906,907,118.0,0.0,USA,50000000.0,73343413.0,217480,429.0,216.0,21000,473.0,18000.0,1000.0,963.0,22517,7.4,Good
1742,1743,147.0,0.0,UK,29000000.0,5899797.0,9913,51.0,17.0,0,0.0,18000.0,427.0,400.0,18855,7.5,Good
1336,1337,113.0,1.0,USA,40000000.0,29802761.0,46480,115.0,211.0,12000,88.0,22000.0,13000.0,785.0,36009,6.4,Good
3230,3231,128.0,0.0,USA,,82739.0,465,3.0,20.0,503,11.0,665.0,664.0,553.0,4579,6.7,Good
4973,4974,86.0,1.0,USA,,33598.0,405,15.0,5.0,97,12.0,238.0,166.0,117.0,623,5.4,Fair
1127,1128,160.0,0.0,USA,45000000.0,7916887.0,15697,182.0,158.0,0,0.0,23000.0,1000.0,826.0,26982,6.0,Fair
3895,3896,108.0,0.0,USA,4000000.0,,39857,300.0,203.0,0,228.0,431.0,426.0,358.0,2020,7.3,Good
3711,3712,101.0,0.0,USA,5000000.0,32453345.0,31791,155.0,220.0,10000,52.0,510.0,358.0,332.0,2161,5.0,Fair
767,768,115.0,2.0,USA,45000000.0,48472213.0,51252,156.0,111.0,621,11.0,1000.0,759.0,642.0,4305,5.0,Fair
3186,3187,106.0,0.0,USA,10000000.0,5348317.0,20810,100.0,139.0,0,102.0,14000.0,3000.0,970.0,18712,7.1,Good
3886,3887,96.0,5.0,USA,114000.0,,87978,580.0,284.0,0,0.0,125.0,108.0,56.0,403,8.0,Good
3589,3590,106.0,4.0,USA,6000000.0,27457409.0,3198,43.0,52.0,478,10.0,3000.0,685.0,578.0,6419,6.3,Good
1255,1256,111.0,0.0,USA,40000000.0,38176892.0,104119,518.0,420.0,26000,0.0,2000.0,741.0,687.0,4486,6.2,Good
1771,1772,117.0,1.0,UK,30000000.0,48043505.0,435864,801.0,447.0,36000,905.0,553.0,488.0,385.0,2357,7.7,Good
963,964,101.0,1.0,USA,50000000.0,66002004.0,36431,168.0,117.0,1000,23.0,660.0,651.0,541.0,2177,4.7,Fair
3038,3039,97.0,3.0,USA,10500000.0,38201895.0,149222,749.0,101.0,0,16.0,4000.0,656.0,637.0,6223,6.9,Good
1372,1373,123.0,0.0,UK,38000000.0,26903709.0,312629,475.0,393.0,83000,2000.0,26000.0,10000.0,471.0,37206,8.1,Excellent
109,110,113.0,4.0,USA,155000000.0,104383624.0,106446,227.0,228.0,11000,150.0,531.0,82.0,59.0,764,6.3,Good
1177,1178,101.0,0.0,France,,,590,5.0,9.0,161,326.0,326.0,152.0,6.0,488,4.9,Fair
2451,2452,114.0,4.0,UK,18000000.0,5694401.0,194489,192.0,209.0,12000,0.0,27000.0,18000.0,1000.0,46944,7.3,Good
2642,2643,120.0,2.0,USA,15000000.0,33771174.0,27044,240.0,78.0,0,18.0,20000.0,1000.0,944.0,22383,6.8,Good
4943,4944,85.0,0.0,USA,,405614.0,15775,69.0,136.0,0,129.0,120.0,119.0,100.0,511,6.7,Good
2294,2295,88.0,3.0,Germany,20000000.0,9109322.0,25371,129.0,32.0,0,84.0,650.0,384.0,177.0,1343,1.9,Bad
4001,4002,94.0,1.0,USA,,,4790,52.0,33.0,804,47.0,430.0,209.0,108.0,836,4.8,Fair
2774,2775,60.0,0.0,USA,,,5563,57.0,17.0,373,,155.0,130.0,84.0,552,6.6,Good
4420,4421,107.0,0.0,USA,,402820.0,10896,57.0,88.0,415,234.0,947.0,530.0,442.0,2747,6.9,Good
2561,2562,100.0,9.0,USA,20000000.0,55461307.0,4654,46.0,81.0,18000,24.0,15000.0,1000.0,851.0,18786,6.7,Good
714,715,149.0,0.0,USA,61000000.0,167735396.0,569841,1127.0,568.0,146000,21000.0,835.0,812.0,625.0,4348,8.1,Excellent
71,72,112.0,2.0,USA,145000000.0,102176165.0,117927,501.0,264.0,0,357.0,5000.0,3000.0,595.0,9131,5.2,Fair
4116,4117,93.0,3.0,USA,3000000.0,200803.0,7988,71.0,82.0,0,78.0,536.0,317.0,197.0,1467,5.3,Fair
4647,4648,88.0,1.0,USA,850000.0,442638.0,5489,23.0,73.0,337,0.0,465.0,140.0,102.0,897,7.3,Good
1583,1584,105.0,4.0,USA,30250000.0,72077000.0,62986,150.0,96.0,0,188.0,848.0,808.0,482.0,3439,6.9,Good
2953,2954,118.0,1.0,USA,9000000.0,18761993.0,19007,219.0,125.0,549,57.0,975.0,931.0,805.0,2944,6.9,Good
4332,4333,106.0,2.0,USA,2000000.0,2436.0,344,19.0,94.0,655,5.0,416.0,403.0,356.0,1611,5.7,Fair
4493,4494,85.0,1.0,USA,1200000.0,2199853.0,19986,186.0,99.0,0,91.0,1000.0,1000.0,849.0,4289,6.6,Good
4029,4030,99.0,2.0,UK,2200000.0,104257.0,19194,160.0,47.0,0,8.0,798.0,472.0,78.0,1430,7.1,Good
1781,1782,81.0,0.0,France,160000000.0,10762178.0,10369,153.0,100.0,1000,63.0,63.0,3.0,,66,8.0,Good
2494,2495,123.0,5.0,USA,17000000.0,70492685.0,11600,64.0,56.0,7000,92.0,1000.0,886.0,849.0,5306,6.7,Good
1639,1640,125.0,2.0,USA,30000000.0,45645204.0,39306,119.0,63.0,0,0.0,939.0,255.0,237.0,1748,6.6,Good
1883,1884,119.0,1.0,USA,25000000.0,76270454.0,219008,418.0,123.0,0,0.0,22000.0,371.0,188.0,22767,7.9,Good
1882,1883,88.0,0.0,USA,25000000.0,78656813.0,42765,93.0,68.0,0,34.0,642.0,533.0,445.0,2501,6.0,Fair
398,399,124.0,1.0,USA,85000000.0,172620724.0,146134,393.0,142.0,0,249.0,11000.0,10000.0,936.0,23603,6.4,Good
4911,4912,126.0,0.0,Denmark,,,9903,49.0,54.0,863,147.0,0.0,0.0,0.0,0,8.1,Excellent
2513,2514,154.0,3.0,USA,9000000.0,,4550,50.0,15.0,419,117.0,715.0,490.0,86.0,1567,6.8,Good
4896,4897,99.0,1.0,Italy,200000.0,3500000.0,147566,235.0,122.0,0,0.0,16000.0,360.0,93.0,16534,8.0,Good
1685,1686,105.0,1.0,USA,25000000.0,17100000.0,7073,29.0,36.0,204,114.0,4000.0,561.0,537.0,6152,5.3,Fair
174,175,100.0,0.0,Australia,135000000.0,63992328.0,32399,79.0,156.0,0,750.0,49000.0,11000.0,988.0,62644,5.9,Fair
792,793,130.0,0.0,UK,60000000.0,26616590.0,120416,857.0,172.0,10000,545.0,722.0,585.0,552.0,2525,6.7,Good
2033,2034,127.0,0.0,USA,24000000.0,28871190.0,125421,385.0,133.0,0,446.0,11000.0,1000.0,898.0,13433,7.3,Good
3848,3849,102.0,0.0,USA,4500000.0,3609278.0,573541,1916.0,234.0,38000,0.0,1000.0,1000.0,167.0,2235,8.4,Excellent
3368,3369,90.0,1.0,USA,8000000.0,25926543.0,26609,148.0,135.0,0,5.0,449.0,332.0,297.0,1534,5.2,Fair
2575,2576,112.0,0.0,USA,15000000.0,4734235.0,8217,123.0,65.0,573,28.0,555.0,403.0,215.0,1227,6.0,Fair
1348,1349,115.0,1.0,USA,38000000.0,39177215.0,30667,234.0,98.0,0,150.0,970.0,919.0,789.0,3770,5.6,Fair
3949,3950,98.0,1.0,USA,650000.0,18469.0,34263,141.0,215.0,0,53.0,530.0,238.0,65.0,1038,6.5,Good
3029,3030,92.0,0.0,USA,,72755517.0,56595,196.0,104.0,641,79.0,608.0,362.0,218.0,1853,7.1,Good
4818,4819,43.0,6.0,USA,,,72017,323.0,23.0,17000,,2000.0,821.0,576.0,5052,6.7,Good
2574,2575,108.0,7.0,USA,16000000.0,,5237,90.0,42.0,392,38.0,940.0,416.0,316.0,1945,4.9,Fair
3614,3615,104.0,6.0,USA,6000000.0,6670712.0,27301,101.0,149.0,0,20.0,3000.0,591.0,130.0,3825,7.4,Good
1335,1336,125.0,1.0,UK,39000000.0,60000000.0,49934,224.0,95.0,0,44.0,593.0,542.0,420.0,2329,4.9,Fair
4014,4015,45.0,3.0,UK,,,653,4.0,1.0,405,,773.0,133.0,119.0,1393,7.3,Good
2217,2218,113.0,3.0,USA,20000000.0,31146570.0,55441,165.0,258.0,0,108.0,1000.0,100.0,22.0,1136,6.9,Good
731,732,125.0,1.0,USA,60000000.0,75764085.0,85844,322.0,121.0,0,420.0,12000.0,3000.0,627.0,16646,6.7,Good
1985,1986,110.0,1.0,USA,25000000.0,10324441.0,27117,140.0,190.0,7000,37.0,10000.0,826.0,268.0,11431,5.8,Fair
1425,1426,109.0,2.0,USA,35000000.0,55802754.0,270228,194.0,238.0,41000,87.0,15000.0,3000.0,923.0,20956,6.6,Good
4665,4666,83.0,0.0,Argentina,800000.0,,772,11.0,25.0,83,0.0,24.0,5.0,0.0,29,7.2,Good
4363,4364,109.0,0.0,USA,,841206.0,2603,34.0,68.0,952,0.0,553.0,471.0,186.0,1439,6.3,Good
1787,1788,107.0,2.0,USA,28000000.0,6998324.0,11476,50.0,125.0,0,234.0,1000.0,962.0,660.0,3944,6.1,Good
3337,3338,122.0,1.0,USA,,13569248.0,16530,117.0,167.0,0,300.0,579.0,405.0,341.0,1637,7.6,Good
500,501,106.0,0.0,USA,90000000.0,27356090.0,58752,117.0,202.0,21000,42.0,14000.0,788.0,612.0,16922,6.0,Fair
